System,khhiuhas entered the chat,2021-12-02T19:35:10.611
khhiu,jjkjhiuhiuhiuhuih,2021-12-02T19:35:15.112
System,khhiuhas left the chat,2021-12-02T19:35:27.447
System,khhiudfgfsdgfhas entered the chat,2021-12-02T19:35:29.943
System,khhiudfgfsdgfhas left the chat,2021-12-02T19:35:50.848
System,sdfsdfhas entered the chat,2021-12-02T19:38:22.204
System,fsdgfhas entered the chat,2021-12-02T19:38:33.693
System,fsdgfhas left the chat,2021-12-02T19:38:37.119
System,jojoiohas entered the chat,2021-12-02T23:16:03.245
System,jojoiohas left the chat,2021-12-02T23:16:04.807
System,sdfhas entered the chat,2021-12-06T10:33:36.173
